"Date","AQS_SITE_ID","POC","Daily Mean PM10 Concentration","UNITS","DAILY_AQI_VALUE","DAILY_OBS_COUNT","PERCENT_COMPLETE","AQS_PARAMETER_CODE","AQS_PARAMETER_DESC","CBSA_CODE","CBSA_NAME","STATE_CODE","STATE","COUNTY_CODE","COUNTY","SITE_LATITUDE","SITE_LONGITUDE"
"01/02/2014","490351001","3","56","ug/m3 SC","51","1","100.0000","81102","PM10 Total 0-10um STP","41620","Salt Lake City, UT","49","Utah","035","Salt Lake","40.708611","-112.094722"
"01/05/2014","490351001","3","11","ug/m3 SC","10","1","100.0000","81102","PM10 Total 0-10um STP","41620","Salt Lake City, UT","49","Utah","035","Salt Lake","40.708611","-112.094722"
"01/08/2014","490351001","3","49","ug/m3 SC","45","1","100.0000","81102","PM10 Total 0-10um STP","41620","Salt Lake City, UT","49","Utah","035","Salt Lake","40.708611","-112.094722"
"01/11/2014","490351001","3","8","ug/m3 SC","7","1","100.0000","81102","PM10 Total 0-10um STP","41620","Salt Lake City, UT","49","Utah","035","Salt Lake","40.708611","-112.094722"
"01/14/2014","490351001","3","16","ug/m3 SC","15","1","100.0000","81102","PM10 Total 0-10um STP","41620","Salt Lake City, UT","49","Utah","035","Salt Lake","40.708611","-112.094722"
"01/17/2014","490351001","3","51","ug/m3 SC","47","1","100.0000","81102","PM10 Total 0-10um STP","41620","Salt Lake City, UT","49","Utah","035","Salt Lake","40.708611","-112.094722"
"01/20/2014","490351001","3","62","ug/m3 SC","54","1","100.0000","81102","PM10 Total 0-10um STP","41620","Salt Lake City, UT","49","Utah","035","Salt Lake","40.708611","-112.094722"
"01/23/2014","490351001","3","42","ug/m3 SC","39","1","100.0000","81102","PM10 Total 0-10um STP","41620","Salt Lake City, UT","49","Utah","035","Salt Lake","40.708611","-112.094722"
"01/26/2014","490351001","3","53","ug/m3 SC","49","1","100.0000","81102","PM10 Total 0-10um STP","41620","Salt Lake City, UT","49","Utah","035","Salt Lake","40.708611","-112.094722"
"01/29/2014","490351001","3","24","ug/m3 SC","22","1","100.0000","81102","PM10 Total 0-10um STP","41620","Salt Lake City, UT","49","Utah","035","Salt Lake","40.708611","-112.094722"
"02/01/2014","490351001","3","7","ug/m3 SC","6","1","100.0000","81102","PM10 Total 0-10um STP","41620","Salt Lake City, UT","49","Utah","035","Salt Lake","40.708611","-112.094722"
"02/04/2014","490351001","3","5","ug/m3 SC","5","1","100.0000","81102","PM10 Total 0-10um STP","41620","Salt Lake City, UT","49","Utah","035","Salt Lake","40.708611","-112.094722"
"02/07/2014","490351001","3","18","ug/m3 SC","17","1","100.0000","81102","PM10 Total 0-10um STP","41620","Salt Lake City, UT","49","Utah","035","Salt Lake","40.708611","-112.094722"
"02/10/2014","490351001","3","6","ug/m3 SC","6","1","100.0000","81102","PM10 Total 0-10um STP","41620","Salt Lake City, UT","49","Utah","035","Salt Lake","40.708611","-112.094722"
"02/13/2014","490351001","3","3","ug/m3 SC","3","1","100.0000","81102","PM10 Total 0-10um STP","41620","Salt Lake City, UT","49","Utah","035","Salt Lake","40.708611","-112.094722"
"02/16/2014","490351001","3","9","ug/m3 SC","8","1","100.0000","81102","PM10 Total 0-10um STP","41620","Salt Lake City, UT","49","Utah","035","Salt Lake","40.708611","-112.094722"
"02/19/2014","490351001","3","25","ug/m3 SC","23","1","100.0000","81102","PM10 Total 0-10um STP","41620","Salt Lake City, UT","49","Utah","035","Salt Lake","40.708611","-112.094722"
"02/22/2014","490351001","3","10","ug/m3 SC","9","1","100.0000","81102","PM10 Total 0-10um STP","41620","Salt Lake City, UT","49","Utah","035","Salt Lake","40.708611","-112.094722"
"02/25/2014","490351001","3","8","ug/m3 SC","7","1","100.0000","81102","PM10 Total 0-10um STP","41620","Salt Lake City, UT","49","Utah","035","Salt Lake","40.708611","-112.094722"
"02/28/2014","490351001","3","4","ug/m3 SC","4","1","100.0000","81102","PM10 Total 0-10um STP","41620","Salt Lake City, UT","49","Utah","035","Salt Lake","40.708611","-112.094722"
"03/03/2014","490351001","3","5","ug/m3 SC","5","1","100.0000","81102","PM10 Total 0-10um STP","41620","Salt Lake City, UT","49","Utah","035","Salt Lake","40.708611","-112.094722"
"03/06/2014","490351001","3","11","ug/m3 SC","10","1","100.0000","81102","PM10 Total 0-10um STP","41620","Salt Lake City, UT","49","Utah","035","Salt Lake","40.708611","-112.094722"
"03/09/2014","490351001","3","7","ug/m3 SC","6","1","100.0000","81102","PM10 Total 0-10um STP","41620","Salt Lake City, UT","49","Utah","035","Salt Lake","40.708611","-112.094722"
"03/12/2014","490351001","3","6","ug/m3 SC","6","1","100.0000","81102","PM10 Total 0-10um STP","41620","Salt Lake City, UT","49","Utah","035","Salt Lake","40.708611","-112.094722"
"03/15/2014","490351001","3","7","ug/m3 SC","6","1","100.0000","81102","PM10 Total 0-10um STP","41620","Salt Lake City, UT","49","Utah","035","Salt Lake","40.708611","-112.094722"
"03/18/2014","490351001","3","4","ug/m3 SC","4","1","100.0000","81102","PM10 Total 0-10um STP","41620","Salt Lake City, UT","49","Utah","035","Salt Lake","40.708611","-112.094722"
"03/21/2014","490351001","3","7","ug/m3 SC","6","1","100.0000","81102","PM10 Total 0-10um STP","41620","Salt Lake City, UT","49","Utah","035","Salt Lake","40.708611","-112.094722"
"03/24/2014","490351001","3","14","ug/m3 SC","13","1","100.0000","81102","PM10 Total 0-10um STP","41620","Salt Lake City, UT","49","Utah","035","Salt Lake","40.708611","-112.094722"
"03/27/2014","490351001","3","3","ug/m3 SC","3","1","100.0000","81102","PM10 Total 0-10um STP","41620","Salt Lake City, UT","49","Utah","035","Salt Lake","40.708611","-112.094722"
"03/30/2014","490351001","3","10","ug/m3 SC","9","1","100.0000","81102","PM10 Total 0-10um STP","41620","Salt Lake City, UT","49","Utah","035","Salt Lake","40.708611","-112.094722"
"04/02/2014","490351001","3","3","ug/m3 SC","3","1","100.0000","81102","PM10 Total 0-10um STP","41620","Salt Lake City, UT","49","Utah","035","Salt Lake","40.708611","-112.094722"
"04/05/2014","490351001","3","5","ug/m3 SC","5","1","100.0000","81102","PM10 Total 0-10um STP","41620","Salt Lake City, UT","49","Utah","035","Salt Lake","40.708611","-112.094722"
"04/08/2014","490351001","3","15","ug/m3 SC","14","1","100.0000","81102","PM10 Total 0-10um STP","41620","Salt Lake City, UT","49","Utah","035","Salt Lake","40.708611","-112.094722"
"04/11/2014","490351001","3","13","ug/m3 SC","12","1","100.0000","81102","PM10 Total 0-10um STP","41620","Salt Lake City, UT","49","Utah","035","Salt Lake","40.708611","-112.094722"
"04/14/2014","490351001","3","8","ug/m3 SC","7","1","100.0000","81102","PM10 Total 0-10um STP","41620","Salt Lake City, UT","49","Utah","035","Salt Lake","40.708611","-112.094722"
"04/17/2014","490351001","3","15","ug/m3 SC","14","1","100.0000","81102","PM10 Total 0-10um STP","41620","Salt Lake City, UT","49","Utah","035","Salt Lake","40.708611","-112.094722"
"04/20/2014","490351001","3","21","ug/m3 SC","19","1","100.0000","81102","PM10 Total 0-10um STP","41620","Salt Lake City, UT","49","Utah","035","Salt Lake","40.708611","-112.094722"
"04/23/2014","490351001","3","3","ug/m3 SC","3","1","100.0000","81102","PM10 Total 0-10um STP","41620","Salt Lake City, UT","49","Utah","035","Salt Lake","40.708611","-112.094722"
"04/26/2014","490351001","3","4","ug/m3 SC","4","1","100.0000","81102","PM10 Total 0-10um STP","41620","Salt Lake City, UT","49","Utah","035","Salt Lake","40.708611","-112.094722"
"04/29/2014","490351001","3","6","ug/m3 SC","6","1","100.0000","81102","PM10 Total 0-10um STP","41620","Salt Lake City, UT","49","Utah","035","Salt Lake","40.708611","-112.094722"
"05/02/2014","490351001","3","16","ug/m3 SC","15","1","100.0000","81102","PM10 Total 0-10um STP","41620","Salt Lake City, UT","49","Utah","035","Salt Lake","40.708611","-112.094722"
"05/05/2014","490351001","3","22","ug/m3 SC","20","1","100.0000","81102","PM10 Total 0-10um STP","41620","Salt Lake City, UT","49","Utah","035","Salt Lake","40.708611","-112.094722"
"05/08/2014","490351001","3","7","ug/m3 SC","6","1","100.0000","81102","PM10 Total 0-10um STP","41620","Salt Lake City, UT","49","Utah","035","Salt Lake","40.708611","-112.094722"
"05/11/2014","490351001","3","5","ug/m3 SC","5","1","100.0000","81102","PM10 Total 0-10um STP","41620","Salt Lake City, UT","49","Utah","035","Salt Lake","40.708611","-112.094722"
"05/14/2014","490351001","3","10","ug/m3 SC","9","1","100.0000","81102","PM10 Total 0-10um STP","41620","Salt Lake City, UT","49","Utah","035","Salt Lake","40.708611","-112.094722"
"05/17/2014","490351001","3","21","ug/m3 SC","19","1","100.0000","81102","PM10 Total 0-10um STP","41620","Salt Lake City, UT","49","Utah","035","Salt Lake","40.708611","-112.094722"
"05/20/2014","490351001","3","26","ug/m3 SC","24","1","100.0000","81102","PM10 Total 0-10um STP","41620","Salt Lake City, UT","49","Utah","035","Salt Lake","40.708611","-112.094722"
"05/23/2014","490351001","3","28","ug/m3 SC","26","1","100.0000","81102","PM10 Total 0-10um STP","41620","Salt Lake City, UT","49","Utah","035","Salt Lake","40.708611","-112.094722"
"05/26/2014","490351001","3","17","ug/m3 SC","16","1","100.0000","81102","PM10 Total 0-10um STP","41620","Salt Lake City, UT","49","Utah","035","Salt Lake","40.708611","-112.094722"
"05/29/2014","490351001","3","27","ug/m3 SC","25","1","100.0000","81102","PM10 Total 0-10um STP","41620","Salt Lake City, UT","49","Utah","035","Salt Lake","40.708611","-112.094722"
"06/01/2014","490351001","3","16","ug/m3 SC","15","1","100.0000","81102","PM10 Total 0-10um STP","41620","Salt Lake City, UT","49","Utah","035","Salt Lake","40.708611","-112.094722"
"06/04/2014","490351001","3","23","ug/m3 SC","21","1","100.0000","81102","PM10 Total 0-10um STP","41620","Salt Lake City, UT","49","Utah","035","Salt Lake","40.708611","-112.094722"
"06/07/2014","490351001","3","14","ug/m3 SC","13","1","100.0000","81102","PM10 Total 0-10um STP","41620","Salt Lake City, UT","49","Utah","035","Salt Lake","40.708611","-112.094722"
"06/10/2014","490351001","3","26","ug/m3 SC","24","1","100.0000","81102","PM10 Total 0-10um STP","41620","Salt Lake City, UT","49","Utah","035","Salt Lake","40.708611","-112.094722"
"06/13/2014","490351001","3","56","ug/m3 SC","51","1","100.0000","81102","PM10 Total 0-10um STP","41620","Salt Lake City, UT","49","Utah","035","Salt Lake","40.708611","-112.094722"
"06/16/2014","490351001","3","21","ug/m3 SC","19","1","100.0000","81102","PM10 Total 0-10um STP","41620","Salt Lake City, UT","49","Utah","035","Salt Lake","40.708611","-112.094722"
"06/25/2014","490351001","3","32","ug/m3 SC","30","1","100.0000","81102","PM10 Total 0-10um STP","41620","Salt Lake City, UT","49","Utah","035","Salt Lake","40.708611","-112.094722"
"06/28/2014","490351001","3","11","ug/m3 SC","10","1","100.0000","81102","PM10 Total 0-10um STP","41620","Salt Lake City, UT","49","Utah","035","Salt Lake","40.708611","-112.094722"
"07/01/2014","490351001","3","11","ug/m3 SC","10","1","100.0000","81102","PM10 Total 0-10um STP","41620","Salt Lake City, UT","49","Utah","035","Salt Lake","40.708611","-112.094722"
"07/04/2014","490351001","3","44","ug/m3 SC","41","1","100.0000","81102","PM10 Total 0-10um STP","41620","Salt Lake City, UT","49","Utah","035","Salt Lake","40.708611","-112.094722"
"07/07/2014","490351001","3","25","ug/m3 SC","23","1","100.0000","81102","PM10 Total 0-10um STP","41620","Salt Lake City, UT","49","Utah","035","Salt Lake","40.708611","-112.094722"
"07/13/2014","490351001","3","15","ug/m3 SC","14","1","100.0000","81102","PM10 Total 0-10um STP","41620","Salt Lake City, UT","49","Utah","035","Salt Lake","40.708611","-112.094722"
"07/16/2014","490351001","3","24","ug/m3 SC","22","1","100.0000","81102","PM10 Total 0-10um STP","41620","Salt Lake City, UT","49","Utah","035","Salt Lake","40.708611","-112.094722"
"07/19/2014","490351001","3","40","ug/m3 SC","37","1","100.0000","81102","PM10 Total 0-10um STP","41620","Salt Lake City, UT","49","Utah","035","Salt Lake","40.708611","-112.094722"
"07/22/2014","490351001","3","32","ug/m3 SC","30","1","100.0000","81102","PM10 Total 0-10um STP","41620","Salt Lake City, UT","49","Utah","035","Salt Lake","40.708611","-112.094722"
"07/25/2014","490351001","3","24","ug/m3 SC","22","1","100.0000","81102","PM10 Total 0-10um STP","41620","Salt Lake City, UT","49","Utah","035","Salt Lake","40.708611","-112.094722"
"07/28/2014","490351001","3","21","ug/m3 SC","19","1","100.0000","81102","PM10 Total 0-10um STP","41620","Salt Lake City, UT","49","Utah","035","Salt Lake","40.708611","-112.094722"
"08/15/2014","490351001","3","14","ug/m3 SC","13","1","100.0000","81102","PM10 Total 0-10um STP","41620","Salt Lake City, UT","49","Utah","035","Salt Lake","40.708611","-112.094722"
"08/18/2014","490351001","3","21","ug/m3 SC","19","1","100.0000","81102","PM10 Total 0-10um STP","41620","Salt Lake City, UT","49","Utah","035","Salt Lake","40.708611","-112.094722"
"08/21/2014","490351001","3","12","ug/m3 SC","11","1","100.0000","81102","PM10 Total 0-10um STP","41620","Salt Lake City, UT","49","Utah","035","Salt Lake","40.708611","-112.094722"
"08/24/2014","490351001","3","13","ug/m3 SC","12","1","100.0000","81102","PM10 Total 0-10um STP","41620","Salt Lake City, UT","49","Utah","035","Salt Lake","40.708611","-112.094722"
"08/27/2014","490351001","3","7","ug/m3 SC","6","1","100.0000","81102","PM10 Total 0-10um STP","41620","Salt Lake City, UT","49","Utah","035","Salt Lake","40.708611","-112.094722"
"08/30/2014","490351001","3","14","ug/m3 SC","13","1","100.0000","81102","PM10 Total 0-10um STP","41620","Salt Lake City, UT","49","Utah","035","Salt Lake","40.708611","-112.094722"
"09/02/2014","490351001","3","23","ug/m3 SC","21","1","100.0000","81102","PM10 Total 0-10um STP","41620","Salt Lake City, UT","49","Utah","035","Salt Lake","40.708611","-112.094722"
"09/05/2014","490351001","3","21","ug/m3 SC","19","1","100.0000","81102","PM10 Total 0-10um STP","41620","Salt Lake City, UT","49","Utah","035","Salt Lake","40.708611","-112.094722"
"09/08/2014","490351001","3","11","ug/m3 SC","10","1","100.0000","81102","PM10 Total 0-10um STP","41620","Salt Lake City, UT","49","Utah","035","Salt Lake","40.708611","-112.094722"
"09/11/2014","490351001","3","15","ug/m3 SC","14","1","100.0000","81102","PM10 Total 0-10um STP","41620","Salt Lake City, UT","49","Utah","035","Salt Lake","40.708611","-112.094722"
"09/14/2014","490351001","3","20","ug/m3 SC","19","1","100.0000","81102","PM10 Total 0-10um STP","41620","Salt Lake City, UT","49","Utah","035","Salt Lake","40.708611","-112.094722"
"09/23/2014","490351001","3","19","ug/m3 SC","18","1","100.0000","81102","PM10 Total 0-10um STP","41620","Salt Lake City, UT","49","Utah","035","Salt Lake","40.708611","-112.094722"
"09/26/2014","490351001","3","21","ug/m3 SC","19","1","100.0000","81102","PM10 Total 0-10um STP","41620","Salt Lake City, UT","49","Utah","035","Salt Lake","40.708611","-112.094722"
"09/29/2014","490351001","3","7","ug/m3 SC","6","1","100.0000","81102","PM10 Total 0-10um STP","41620","Salt Lake City, UT","49","Utah","035","Salt Lake","40.708611","-112.094722"
"10/02/2014","490351001","3","8","ug/m3 SC","7","1","100.0000","81102","PM10 Total 0-10um STP","41620","Salt Lake City, UT","49","Utah","035","Salt Lake","40.708611","-112.094722"
"10/05/2014","490351001","3","8","ug/m3 SC","7","1","100.0000","81102","PM10 Total 0-10um STP","41620","Salt Lake City, UT","49","Utah","035","Salt Lake","40.708611","-112.094722"
"10/08/2014","490351001","3","15","ug/m3 SC","14","1","100.0000","81102","PM10 Total 0-10um STP","41620","Salt Lake City, UT","49","Utah","035","Salt Lake","40.708611","-112.094722"
"10/14/2014","490351001","3","13","ug/m3 SC","12","1","100.0000","81102","PM10 Total 0-10um STP","41620","Salt Lake City, UT","49","Utah","035","Salt Lake","40.708611","-112.094722"
"10/17/2014","490351001","3","30","ug/m3 SC","28","1","100.0000","81102","PM10 Total 0-10um STP","41620","Salt Lake City, UT","49","Utah","035","Salt Lake","40.708611","-112.094722"
"10/20/2014","490351001","3","21","ug/m3 SC","19","1","100.0000","81102","PM10 Total 0-10um STP","41620","Salt Lake City, UT","49","Utah","035","Salt Lake","40.708611","-112.094722"
"10/23/2014","490351001","3","21","ug/m3 SC","19","1","100.0000","81102","PM10 Total 0-10um STP","41620","Salt Lake City, UT","49","Utah","035","Salt Lake","40.708611","-112.094722"
"10/26/2014","490351001","3","33","ug/m3 SC","31","1","100.0000","81102","PM10 Total 0-10um STP","41620","Salt Lake City, UT","49","Utah","035","Salt Lake","40.708611","-112.094722"
"10/29/2014","490351001","3","19","ug/m3 SC","18","1","100.0000","81102","PM10 Total 0-10um STP","41620","Salt Lake City, UT","49","Utah","035","Salt Lake","40.708611","-112.094722"
"11/01/2014","490351001","3","29","ug/m3 SC","27","1","100.0000","81102","PM10 Total 0-10um STP","41620","Salt Lake City, UT","49","Utah","035","Salt Lake","40.708611","-112.094722"
"11/04/2014","490351001","3","12","ug/m3 SC","11","1","100.0000","81102","PM10 Total 0-10um STP","41620","Salt Lake City, UT","49","Utah","035","Salt Lake","40.708611","-112.094722"
"11/07/2014","490351001","3","18","ug/m3 SC","17","1","100.0000","81102","PM10 Total 0-10um STP","41620","Salt Lake City, UT","49","Utah","035","Salt Lake","40.708611","-112.094722"
"11/10/2014","490351001","3","17","ug/m3 SC","16","1","100.0000","81102","PM10 Total 0-10um STP","41620","Salt Lake City, UT","49","Utah","035","Salt Lake","40.708611","-112.094722"
"11/13/2014","490351001","3","22","ug/m3 SC","20","1","100.0000","81102","PM10 Total 0-10um STP","41620","Salt Lake City, UT","49","Utah","035","Salt Lake","40.708611","-112.094722"
"11/16/2014","490351001","3","6","ug/m3 SC","6","1","100.0000","81102","PM10 Total 0-10um STP","41620","Salt Lake City, UT","49","Utah","035","Salt Lake","40.708611","-112.094722"
"11/19/2014","490351001","3","29","ug/m3 SC","27","1","100.0000","81102","PM10 Total 0-10um STP","41620","Salt Lake City, UT","49","Utah","035","Salt Lake","40.708611","-112.094722"
"11/22/2014","490351001","3","8","ug/m3 SC","7","1","100.0000","81102","PM10 Total 0-10um STP","41620","Salt Lake City, UT","49","Utah","035","Salt Lake","40.708611","-112.094722"
"11/25/2014","490351001","3","6","ug/m3 SC","6","1","100.0000","81102","PM10 Total 0-10um STP","41620","Salt Lake City, UT","49","Utah","035","Salt Lake","40.708611","-112.094722"
"11/28/2014","490351001","3","6","ug/m3 SC","6","1","100.0000","81102","PM10 Total 0-10um STP","41620","Salt Lake City, UT","49","Utah","035","Salt Lake","40.708611","-112.094722"
"12/01/2014","490351001","3","17","ug/m3 SC","16","1","100.0000","81102","PM10 Total 0-10um STP","41620","Salt Lake City, UT","49","Utah","035","Salt Lake","40.708611","-112.094722"
"12/04/2014","490351001","3","7","ug/m3 SC","6","1","100.0000","81102","PM10 Total 0-10um STP","41620","Salt Lake City, UT","49","Utah","035","Salt Lake","40.708611","-112.094722"
"12/07/2014","490351001","3","9","ug/m3 SC","8","1","100.0000","81102","PM10 Total 0-10um STP","41620","Salt Lake City, UT","49","Utah","035","Salt Lake","40.708611","-112.094722"
"01/04/2014","490353006","1","25","ug/m3 SC","23","1","100.0000","81102","PM10 Total 0-10um STP","41620","Salt Lake City, UT","49","Utah","035","Salt Lake","40.736389","-111.872222"
"01/05/2014","490353006","1","23","ug/m3 SC","21","1","100.0000","81102","PM10 Total 0-10um STP","41620","Salt Lake City, UT","49","Utah","035","Salt Lake","40.736389","-111.872222"
"01/06/2014","490353006","1","41","ug/m3 SC","38","1","100.0000","81102","PM10 Total 0-10um STP","41620","Salt Lake City, UT","49","Utah","035","Salt Lake","40.736389","-111.872222"
"01/07/2014","490353006","1","67","ug/m3 SC","57","1","100.0000","81102","PM10 Total 0-10um STP","41620","Salt Lake City, UT","49","Utah","035","Salt Lake","40.736389","-111.872222"
"01/08/2014","490353006","1","51","ug/m3 SC","47","1","100.0000","81102","PM10 Total 0-10um STP","41620","Salt Lake City, UT","49","Utah","035","Salt Lake","40.736389","-111.872222"
"01/09/2014","490353006","1","23","ug/m3 SC","21","1","100.0000","81102","PM10 Total 0-10um STP","41620","Salt Lake City, UT","49","Utah","035","Salt Lake","40.736389","-111.872222"
"01/10/2014","490353006","1","18","ug/m3 SC","17","1","100.0000","81102","PM10 Total 0-10um STP","41620","Salt Lake City, UT","49","Utah","035","Salt Lake","40.736389","-111.872222"
"01/11/2014","490353006","1","11","ug/m3 SC","10","1","100.0000","81102","PM10 Total 0-10um STP","41620","Salt Lake City, UT","49","Utah","035","Salt Lake","40.736389","-111.872222"
"01/12/2014","490353006","1","8","ug/m3 SC","7","1","100.0000","81102","PM10 Total 0-10um STP","41620","Salt Lake City, UT","49","Utah","035","Salt Lake","40.736389","-111.872222"
"01/13/2014","490353006","1","20","ug/m3 SC","19","1","100.0000","81102","PM10 Total 0-10um STP","41620","Salt Lake City, UT","49","Utah","035","Salt Lake","40.736389","-111.872222"
"01/14/2014","490353006","1","27","ug/m3 SC","25","1","100.0000","81102","PM10 Total 0-10um STP","41620","Salt Lake City, UT","49","Utah","035","Salt Lake","40.736389","-111.872222"
"01/15/2014","490353006","1","45","ug/m3 SC","42","1","100.0000","81102","PM10 Total 0-10um STP","41620","Salt Lake City, UT","49","Utah","035","Salt Lake","40.736389","-111.872222"
"01/16/2014","490353006","1","58","ug/m3 SC","52","1","100.0000","81102","PM10 Total 0-10um STP","41620","Salt Lake City, UT","49","Utah","035","Salt Lake","40.736389","-111.872222"
"01/17/2014","490353006","1","58","ug/m3 SC","52","1","100.0000","81102","PM10 Total 0-10um STP","41620","Salt Lake City, UT","49","Utah","035","Salt Lake","40.736389","-111.872222"
"01/18/2014","490353006","1","61","ug/m3 SC","54","1","100.0000","81102","PM10 Total 0-10um STP","41620","Salt Lake City, UT","49","Utah","035","Salt Lake","40.736389","-111.872222"
"01/19/2014","490353006","1","59","ug/m3 SC","53","1","100.0000","81102","PM10 Total 0-10um STP","41620","Salt Lake City, UT","49","Utah","035","Salt Lake","40.736389","-111.872222"
"01/20/2014","490353006","1","72","ug/m3 SC","59","1","100.0000","81102","PM10 Total 0-10um STP","41620","Salt Lake City, UT","49","Utah","035","Salt Lake","40.736389","-111.872222"
"01/21/2014","490353006","1","72","ug/m3 SC","59","1","100.0000","81102","PM10 Total 0-10um STP","41620","Salt Lake City, UT","49","Utah","035","Salt Lake","40.736389","-111.872222"
"01/22/2014","490353006","1","75","ug/m3 SC","61","1","100.0000","81102","PM10 Total 0-10um STP","41620","Salt Lake City, UT","49","Utah","035","Salt Lake","40.736389","-111.872222"
"01/23/2014","490353006","1","61","ug/m3 SC","54","1","100.0000","81102","PM10 Total 0-10um STP","41620","Salt Lake City, UT","49","Utah","035","Salt Lake","40.736389","-111.872222"
"01/24/2014","490353006","1","52","ug/m3 SC","48","1","100.0000","81102","PM10 Total 0-10um STP","41620","Salt Lake City, UT","49","Utah","035","Salt Lake","40.736389","-111.872222"
"01/25/2014","490353006","1","52","ug/m3 SC","48","1","100.0000","81102","PM10 Total 0-10um STP","41620","Salt Lake City, UT","49","Utah","035","Salt Lake","40.736389","-111.872222"
"01/26/2014","490353006","1","58","ug/m3 SC","52","1","100.0000","81102","PM10 Total 0-10um STP","41620","Salt Lake City, UT","49","Utah","035","Salt Lake","40.736389","-111.872222"
"01/27/2014","490353006","1","71","ug/m3 SC","59","1","100.0000","81102","PM10 Total 0-10um STP","41620","Salt Lake City, UT","49","Utah","035","Salt Lake","40.736389","-111.872222"
"01/28/2014","490353006","1","43","ug/m3 SC","40","1","100.0000","81102","PM10 Total 0-10um STP","41620","Salt Lake City, UT","49","Utah","035","Salt Lake","40.736389","-111.872222"
"01/29/2014","490353006","1","39","ug/m3 SC","36","1","100.0000","81102","PM10 Total 0-10um STP","41620","Salt Lake City, UT","49","Utah","035","Salt Lake","40.736389","-111.872222"
"01/30/2014","490353006","1","8","ug/m3 SC","7","1","100.0000","81102","PM10 Total 0-10um STP","41620","Salt Lake City, UT","49","Utah","035","Salt Lake","40.736389","-111.872222"
"01/31/2014","490353006","1","13","ug/m3 SC","12","1","100.0000","81102","PM10 Total 0-10um STP","41620","Salt Lake City, UT","49","Utah","035","Salt Lake","40.736389","-111.872222"
"02/01/2014","490353006","1","11","ug/m3 SC","10","1","100.0000","81102","PM10 Total 0-10um STP","41620","Salt Lake City, UT","49","Utah","035","Salt Lake","40.736389","-111.872222"
"02/02/2014","490353006","1","8","ug/m3 SC","7","1","100.0000","81102","PM10 Total 0-10um STP","41620","Salt Lake City, UT","49","Utah","035","Salt Lake","40.736389","-111.872222"
"02/03/2014","490353006","1","18","ug/m3 SC","17","1","100.0000","81102","PM10 Total 0-10um STP","41620","Salt Lake City, UT","49","Utah","035","Salt Lake","40.736389","-111.872222"
"02/04/2014","490353006","1","10","ug/m3 SC","9","1","100.0000","81102","PM10 Total 0-10um STP","41620","Salt Lake City, UT","49","Utah","035","Salt Lake","40.736389","-111.872222"
"02/05/2014","490353006","1","32","ug/m3 SC","30","1","100.0000","81102","PM10 Total 0-10um STP","41620","Salt Lake City, UT","49","Utah","035","Salt Lake","40.736389","-111.872222"
"02/06/2014","490353006","1","45","ug/m3 SC","42","1","100.0000","81102","PM10 Total 0-10um STP","41620","Salt Lake City, UT","49","Utah","035","Salt Lake","40.736389","-111.872222"
"02/07/2014","490353006","1","20","ug/m3 SC","19","1","100.0000","81102","PM10 Total 0-10um STP","41620","Salt Lake City, UT","49","Utah","035","Salt Lake","40.736389","-111.872222"
"02/08/2014","490353006","1","7","ug/m3 SC","6","1","100.0000","81102","PM10 Total 0-10um STP","41620","Salt Lake City, UT","49","Utah","035","Salt Lake","40.736389","-111.872222"
"02/09/2014","490353006","1","6","ug/m3 SC","6","1","100.0000","81102","PM10 Total 0-10um STP","41620","Salt Lake City, UT","49","Utah","035","Salt Lake","40.736389","-111.872222"
"02/10/2014","490353006","1","10","ug/m3 SC","9","1","100.0000","81102","PM10 Total 0-10um STP","41620","Salt Lake City, UT","49","Utah","035","Salt Lake","40.736389","-111.872222"
"02/11/2014","490353006","1","17","ug/m3 SC","16","1","100.0000","81102","PM10 Total 0-10um STP","41620","Salt Lake City, UT","49","Utah","035","Salt Lake","40.736389","-111.872222"
"02/12/2014","490353006","1","12","ug/m3 SC","11","1","100.0000","81102","PM10 Total 0-10um STP","41620","Salt Lake City, UT","49","Utah","035","Salt Lake","40.736389","-111.872222"
"02/13/2014","490353006","1","7","ug/m3 SC","6","1","100.0000","81102","PM10 Total 0-10um STP","41620","Salt Lake City, UT","49","Utah","035","Salt Lake","40.736389","-111.872222"
"02/14/2014","490353006","1","14","ug/m3 SC","13","1","100.0000","81102","PM10 Total 0-10um STP","41620","Salt Lake City, UT","49","Utah","035","Salt Lake","40.736389","-111.872222"
"02/15/2014","490353006","1","21","ug/m3 SC","19","1","100.0000","81102","PM10 Total 0-10um STP","41620","Salt Lake City, UT","49","Utah","035","Salt Lake","40.736389","-111.872222"
"02/16/2014","490353006","1","7","ug/m3 SC","6","1","100.0000","81102","PM10 Total 0-10um STP","41620","Salt Lake City, UT","49","Utah","035","Salt Lake","40.736389","-111.872222"
"02/17/2014","490353006","1","14","ug/m3 SC","13","1","100.0000","81102","PM10 Total 0-10um STP","41620","Salt Lake City, UT","49","Utah","035","Salt Lake","40.736389","-111.872222"
"02/18/2014","490353006","1","18","ug/m3 SC","17","1","100.0000","81102","PM10 Total 0-10um STP","41620","Salt Lake City, UT","49","Utah","035","Salt Lake","40.736389","-111.872222"
"02/19/2014","490353006","1","10","ug/m3 SC","9","1","100.0000","81102","PM10 Total 0-10um STP","41620","Salt Lake City, UT","49","Utah","035","Salt Lake","40.736389","-111.872222"
"02/20/2014","490353006","1","9","ug/m3 SC","8","1","100.0000","81102","PM10 Total 0-10um STP","41620","Salt Lake City, UT","49","Utah","035","Salt Lake","40.736389","-111.872222"
"02/21/2014","490353006","1","15","ug/m3 SC","14","1","100.0000","81102","PM10 Total 0-10um STP","41620","Salt Lake City, UT","49","Utah","035","Salt Lake","40.736389","-111.872222"
"02/22/2014","490353006","1","13","ug/m3 SC","12","1","100.0000","81102","PM10 Total 0-10um STP","41620","Salt Lake City, UT","49","Utah","035","Salt Lake","40.736389","-111.872222"
"02/23/2014","490353006","1","11","ug/m3 SC","10","1","100.0000","81102","PM10 Total 0-10um STP","41620","Salt Lake City, UT","49","Utah","035","Salt Lake","40.736389","-111.872222"
"02/24/2014","490353006","1","17","ug/m3 SC","16","1","100.0000","81102","PM10 Total 0-10um STP","41620","Salt Lake City, UT","49","Utah","035","Salt Lake","40.736389","-111.872222"
"02/25/2014","490353006","1","16","ug/m3 SC","15","1","100.0000","81102","PM10 Total 0-10um STP","41620","Salt Lake City, UT","49","Utah","035","Salt Lake","40.736389","-111.872222"
"02/27/2014","490353006","1","13","ug/m3 SC","12","1","100.0000","81102","PM10 Total 0-10um STP","41620","Salt Lake City, UT","49","Utah","035","Salt Lake","40.736389","-111.872222"
"02/28/2014","490353006","1","8","ug/m3 SC","7","1","100.0000","81102","PM10 Total 0-10um STP","41620","Salt Lake City, UT","49","Utah","035","Salt Lake","40.736389","-111.872222"
"03/01/2014","490353006","1","3","ug/m3 SC","3","1","100.0000","81102","PM10 Total 0-10um STP","41620","Salt Lake City, UT","49","Utah","035","Salt Lake","40.736389","-111.872222"
"03/02/2014","490353006","1","3","ug/m3 SC","3","1","100.0000","81102","PM10 Total 0-10um STP","41620","Salt Lake City, UT","49","Utah","035","Salt Lake","40.736389","-111.872222"
"03/03/2014","490353006","1","10","ug/m3 SC","9","1","100.0000","81102","PM10 Total 0-10um STP","41620","Salt Lake City, UT","49","Utah","035","Salt Lake","40.736389","-111.872222"
"03/04/2014","490353006","1","9","ug/m3 SC","8","1","100.0000","81102","PM10 Total 0-10um STP","41620","Salt Lake City, UT","49","Utah","035","Salt Lake","40.736389","-111.872222"
"03/05/2014","490353006","1","12","ug/m3 SC","11","1","100.0000","81102","PM10 Total 0-10um STP","41620","Salt Lake City, UT","49","Utah","035","Salt Lake","40.736389","-111.872222"
"03/06/2014","490353006","1","13","ug/m3 SC","12","1","100.0000","81102","PM10 Total 0-10um STP","41620","Salt Lake City, UT","49","Utah","035","Salt Lake","40.736389","-111.872222"
"03/07/2014","490353006","1","4","ug/m3 SC","4","1","100.0000","81102","PM10 Total 0-10um STP","41620","Salt Lake City, UT","49","Utah","035","Salt Lake","40.736389","-111.872222"
"03/08/2014","490353006","1","10","ug/m3 SC","9","1","100.0000","81102","PM10 Total 0-10um STP","41620","Salt Lake City, UT","49","Utah","035","Salt Lake","40.736389","-111.872222"
"03/09/2014","490353006","1","9","ug/m3 SC","8","1","100.0000","81102","PM10 Total 0-10um STP","41620","Salt Lake City, UT","49","Utah","035","Salt Lake","40.736389","-111.872222"
"03/10/2014","490353006","1","13","ug/m3 SC","12","1","100.0000","81102","PM10 Total 0-10um STP","41620","Salt Lake City, UT","49","Utah","035","Salt Lake","40.736389","-111.872222"
"03/11/2014","490353006","1","4","ug/m3 SC","4","1","100.0000","81102","PM10 Total 0-10um STP","41620","Salt Lake City, UT","49","Utah","035","Salt Lake","40.736389","-111.872222"
"03/12/2014","490353006","1","10","ug/m3 SC","9","1","100.0000","81102","PM10 Total 0-10um STP","41620","Salt Lake City, UT","49","Utah","035","Salt Lake","40.736389","-111.872222"
"03/13/2014","490353006","1","11","ug/m3 SC","10","1","100.0000","81102","PM10 Total 0-10um STP","41620","Salt Lake City, UT","49","Utah","035","Salt Lake","40.736389","-111.872222"
"03/14/2014","490353006","1","16","ug/m3 SC","15","1","100.0000","81102","PM10 Total 0-10um STP","41620","Salt Lake City, UT","49","Utah","035","Salt Lake","40.736389","-111.872222"
"03/15/2014","490353006","1","6","ug/m3 SC","6","1","100.0000","81102","PM10 Total 0-10um STP","41620","Salt Lake City, UT","49","Utah","035","Salt Lake","40.736389","-111.872222"
"03/16/2014","490353006","1","8","ug/m3 SC","7","1","100.0000","81102","PM10 Total 0-10um STP","41620","Salt Lake City, UT","49","Utah","035","Salt Lake","40.736389","-111.872222"
"03/17/2014","490353006","1","42","ug/m3 SC","39","1","100.0000","81102","PM10 Total 0-10um STP","41620","Salt Lake City, UT","49","Utah","035","Salt Lake","40.736389","-111.872222"
"03/18/2014","490353006","1","6","ug/m3 SC","6","1","100.0000","81102","PM10 Total 0-10um STP","41620","Salt Lake City, UT","49","Utah","035","Salt Lake","40.736389","-111.872222"
"03/19/2014","490353006","1","10","ug/m3 SC","9","1","100.0000","81102","PM10 Total 0-10um STP","41620","Salt Lake City, UT","49","Utah","035","Salt Lake","40.736389","-111.872222"
"03/20/2014","490353006","1","14","ug/m3 SC","13","1","100.0000","81102","PM10 Total 0-10um STP","41620","Salt Lake City, UT","49","Utah","035","Salt Lake","40.736389","-111.872222"
"03/21/2014","490353006","1","15","ug/m3 SC","14","1","100.0000","81102","PM10 Total 0-10um STP","41620","Salt Lake City, UT","49","Utah","035","Salt Lake","40.736389","-111.872222"
"03/22/2014","490353006","1","13","ug/m3 SC","12","1","100.0000","81102","PM10 Total 0-10um STP","41620","Salt Lake City, UT","49","Utah","035","Salt Lake","40.736389","-111.872222"
"03/23/2014","490353006","1","10","ug/m3 SC","9","1","100.0000","81102","PM10 Total 0-10um STP","41620","Salt Lake City, UT","49","Utah","035","Salt Lake","40.736389","-111.872222"
"03/24/2014","490353006","1","15","ug/m3 SC","14","1","100.0000","81102","PM10 Total 0-10um STP","41620","Salt Lake City, UT","49","Utah","035","Salt Lake","40.736389","-111.872222"
"03/25/2014","490353006","1","20","ug/m3 SC","19","1","100.0000","81102","PM10 Total 0-10um STP","41620","Salt Lake City, UT","49","Utah","035","Salt Lake","40.736389","-111.872222"
"03/27/2014","490353006","1","5","ug/m3 SC","5","1","100.0000","81102","PM10 Total 0-10um STP","41620","Salt Lake City, UT","49","Utah","035","Salt Lake","40.736389","-111.872222"
"03/28/2014","490353006","1","10","ug/m3 SC","9","1","100.0000","81102","PM10 Total 0-10um STP","41620","Salt Lake City, UT","49","Utah","035","Salt Lake","40.736389","-111.872222"
"03/29/2014","490353006","1","11","ug/m3 SC","10","1","100.0000","81102","PM10 Total 0-10um STP","41620","Salt Lake City, UT","49","Utah","035","Salt Lake","40.736389","-111.872222"
"03/30/2014","490353006","1","15","ug/m3 SC","14","1","100.0000","81102","PM10 Total 0-10um STP","41620","Salt Lake City, UT","49","Utah","035","Salt Lake","40.736389","-111.872222"
"03/31/2014","490353006","1","6","ug/m3 SC","6","1","100.0000","81102","PM10 Total 0-10um STP","41620","Salt Lake City, UT","49","Utah","035","Salt Lake","40.736389","-111.872222"
"04/01/2014","490353006","1","6","ug/m3 SC","6","1","100.0000","81102","PM10 Total 0-10um STP","41620","Salt Lake City, UT","49","Utah","035","Salt Lake","40.736389","-111.872222"
"04/02/2014","490353006","1","6","ug/m3 SC","6","1","100.0000","81102","PM10 Total 0-10um STP","41620","Salt Lake City, UT","49","Utah","035","Salt Lake","40.736389","-111.872222"
"04/03/2014","490353006","1","7","ug/m3 SC","6","1","100.0000","81102","PM10 Total 0-10um STP","41620","Salt Lake City, UT","49","Utah","035","Salt Lake","40.736389","-111.872222"
"04/04/2014","490353006","1","11","ug/m3 SC","10","1","100.0000","81102","PM10 Total 0-10um STP","41620","Salt Lake City, UT","49","Utah","035","Salt Lake","40.736389","-111.872222"
"04/05/2014","490353006","1","6","ug/m3 SC","6","1","100.0000","81102","PM10 Total 0-10um STP","41620","Salt Lake City, UT","49","Utah","035","Salt Lake","40.736389","-111.872222"
"04/06/2014","490353006","1","7","ug/m3 SC","6","1","100.0000","81102","PM10 Total 0-10um STP","41620","Salt Lake City, UT","49","Utah","035","Salt Lake","40.736389","-111.872222"
"04/07/2014","490353006","1","13","ug/m3 SC","12","1","100.0000","81102","PM10 Total 0-10um STP","41620","Salt Lake City, UT","49","Utah","035","Salt Lake","40.736389","-111.872222"
"04/08/2014","490353006","1","15","ug/m3 SC","14","1","100.0000","81102","PM10 Total 0-10um STP","41620","Salt Lake City, UT","49","Utah","035","Salt Lake","40.736389","-111.872222"
"04/09/2014","490353006","1","16","ug/m3 SC","15","1","100.0000","81102","PM10 Total 0-10um STP","41620","Salt Lake City, UT","49","Utah","035","Salt Lake","40.736389","-111.872222"
"04/10/2014","490353006","1","13","ug/m3 SC","12","1","100.0000","81102","PM10 Total 0-10um STP","41620","Salt Lake City, UT","49","Utah","035","Salt Lake","40.736389","-111.872222"
"04/11/2014","490353006","1","17","ug/m3 SC","16","1","100.0000","81102","PM10 Total 0-10um STP","41620","Salt Lake City, UT","49","Utah","035","Salt Lake","40.736389","-111.872222"
"04/12/2014","490353006","1","15","ug/m3 SC","14","1","100.0000","81102","PM10 Total 0-10um STP","41620","Salt Lake City, UT","49","Utah","035","Salt Lake","40.736389","-111.872222"
"04/13/2014","490353006","1","10","ug/m3 SC","9","1","100.0000","81102","PM10 Total 0-10um STP","41620","Salt Lake City, UT","49","Utah","035","Salt Lake","40.736389","-111.872222"
"04/14/2014","490353006","1","5","ug/m3 SC","5","1","100.0000","81102","PM10 Total 0-10um STP","41620","Salt Lake City, UT","49","Utah","035","Salt Lake","40.736389","-111.872222"
"04/15/2014","490353006","1","10","ug/m3 SC","9","1","100.0000","81102","PM10 Total 0-10um STP","41620","Salt Lake City, UT","49","Utah","035","Salt Lake","40.736389","-111.872222"
"04/16/2014","490353006","1","5","ug/m3 SC","5","1","100.0000","81102","PM10 Total 0-10um STP","41620","Salt Lake City, UT","49","Utah","035","Salt Lake","40.736389","-111.872222"
"04/17/2014","490353006","1","11","ug/m3 SC","10","1","100.0000","81102","PM10 Total 0-10um STP","41620","Salt Lake City, UT","49","Utah","035","Salt Lake","40.736389","-111.872222"
"04/18/2014","490353006","1","16","ug/m3 SC","15","1","100.0000","81102","PM10 Total 0-10um STP","41620","Salt Lake City, UT","49","Utah","035","Salt Lake","40.736389","-111.872222"
"04/19/2014","490353006","1","15","ug/m3 SC","14","1","100.0000","81102","PM10 Total 0-10um STP","41620","Salt Lake City, UT","49","Utah","035","Salt Lake","40.736389","-111.872222"
"04/20/2014","490353006","1","16","ug/m3 SC","15","1","100.0000","81102","PM10 Total 0-10um STP","41620","Salt Lake City, UT","49","Utah","035","Salt Lake","40.736389","-111.872222"
"04/21/2014","490353006","1","19","ug/m3 SC","18","1","100.0000","81102","PM10 Total 0-10um STP","41620","Salt Lake City, UT","49","Utah","035","Salt Lake","40.736389","-111.872222"
"04/22/2014","490353006","1","110","ug/m3 SC","78","1","100.0000","81102","PM10 Total 0-10um STP","41620","Salt Lake City, UT","49","Utah","035","Salt Lake","40.736389","-111.872222"
"04/23/2014","490353006","1","3","ug/m3 SC","3","1","100.0000","81102","PM10 Total 0-10um STP","41620","Salt Lake City, UT","49","Utah","035","Salt Lake","40.736389","-111.872222"
"04/24/2014","490353006","1","9","ug/m3 SC","8","1","100.0000","81102","PM10 Total 0-10um STP","41620","Salt Lake City, UT","49","Utah","035","Salt Lake","40.736389","-111.872222"
"04/25/2014","490353006","1","29","ug/m3 SC","27","1","100.0000","81102","PM10 Total 0-10um STP","41620","Salt Lake City, UT","49","Utah","035","Salt Lake","40.736389","-111.872222"
"04/26/2014","490353006","1","8","ug/m3 SC","7","1","100.0000","81102","PM10 Total 0-10um STP","41620","Salt Lake City, UT","49","Utah","035","Salt Lake","40.736389","-111.872222"
"04/27/2014","490353006","1","3","ug/m3 SC","3","1","100.0000","81102","PM10 Total 0-10um STP","41620","Salt Lake City, UT","49","Utah","035","Salt Lake","40.736389","-111.872222"
"04/28/2014","490353006","1","4","ug/m3 SC","4","1","100.0000","81102","PM10 Total 0-10um STP","41620","Salt Lake City, UT","49","Utah","035","Salt Lake","40.736389","-111.872222"
"04/29/2014","490353006","1","7","ug/m3 SC","6","1","100.0000","81102","PM10 Total 0-10um STP","41620","Salt Lake City, UT","49","Utah","035","Salt Lake","40.736389","-111.872222"
"04/30/2014","490353006","1","10","ug/m3 SC","9","1","100.0000","81102","PM10 Total 0-10um STP","41620","Salt Lake City, UT","49","Utah","035","Salt Lake","40.736389","-111.872222"
"05/01/2014","490353006","1","11","ug/m3 SC","10","1","100.0000","81102","PM10 Total 0-10um STP","41620","Salt Lake City, UT","49","Utah","035","Salt Lake","40.736389","-111.872222"
"05/02/2014","490353006","1","16","ug/m3 SC","15","1","100.0000","81102","PM10 Total 0-10um STP","41620","Salt Lake City, UT","49","Utah","035","Salt Lake","40.736389","-111.872222"
"05/03/2014","490353006","1","16","ug/m3 SC","15","1","100.0000","81102","PM10 Total 0-10um STP","41620","Salt Lake City, UT","49","Utah","035","Salt Lake","40.736389","-111.872222"
"05/04/2014","490353006","1","23","ug/m3 SC","21","1","100.0000","81102","PM10 Total 0-10um STP","41620","Salt Lake City, UT","49","Utah","035","Salt Lake","40.736389","-111.872222"
"05/05/2014","490353006","1","23","ug/m3 SC","21","1","100.0000","81102","PM10 Total 0-10um STP","41620","Salt Lake City, UT","49","Utah","035","Salt Lake","40.736389","-111.872222"
"05/06/2014","490353006","1","18","ug/m3 SC","17","1","100.0000","81102","PM10 Total 0-10um STP","41620","Salt Lake City, UT","49","Utah","035","Salt Lake","40.736389","-111.872222"
"05/07/2014","490353006","1","7","ug/m3 SC","6","1","100.0000","81102","PM10 Total 0-10um STP","41620","Salt Lake City, UT","49","Utah","035","Salt Lake","40.736389","-111.872222"
"05/08/2014","490353006","1","6","ug/m3 SC","6","1","100.0000","81102","PM10 Total 0-10um STP","41620","Salt Lake City, UT","49","Utah","035","Salt Lake","40.736389","-111.872222"
"05/09/2014","490353006","1","7","ug/m3 SC","6","1","100.0000","81102","PM10 Total 0-10um STP","41620","Salt Lake City, UT","49","Utah","035","Salt Lake","40.736389","-111.872222"
"05/10/2014","490353006","1","7","ug/m3 SC","6","1","100.0000","81102","PM10 Total 0-10um STP","41620","Salt Lake City, UT","49","Utah","035","Salt Lake","40.736389","-111.872222"
"05/11/2014","490353006","1","3","ug/m3 SC","3","1","100.0000","81102","PM10 Total 0-10um STP","41620","Salt Lake City, UT","49","Utah","035","Salt Lake","40.736389","-111.872222"
"05/12/2014","490353006","1","3","ug/m3 SC","3","1","100.0000","81102","PM10 Total 0-10um STP","41620","Salt Lake City, UT","49","Utah","035","Salt Lake","40.736389","-111.872222"
"05/13/2014","490353006","1","5","ug/m3 SC","5","1","100.0000","81102","PM10 Total 0-10um STP","41620","Salt Lake City, UT","49","Utah","035","Salt Lake","40.736389","-111.872222"
"05/14/2014","490353006","1","9","ug/m3 SC","8","1","100.0000","81102","PM10 Total 0-10um STP","41620","Salt Lake City, UT","49","Utah","035","Salt Lake","40.736389","-111.872222"
"05/15/2014","490353006","1","10","ug/m3 SC","9","1","100.0000","81102","PM10 Total 0-10um STP","41620","Salt Lake City, UT","49","Utah","035","Salt Lake","40.736389","-111.872222"
"05/16/2014","490353006","1","16","ug/m3 SC","15","1","100.0000","81102","PM10 Total 0-10um STP","41620","Salt Lake City, UT","49","Utah","035","Salt Lake","40.736389","-111.872222"
"05/17/2014","490353006","1","17","ug/m3 SC","16","1","100.0000","81102","PM10 Total 0-10um STP","41620","Salt Lake City, UT","49","Utah","035","Salt Lake","40.736389","-111.872222"
"05/18/2014","490353006","1","17","ug/m3 SC","16","1","100.0000","81102","PM10 Total 0-10um STP","41620","Salt Lake City, UT","49","Utah","035","Salt Lake","40.736389","-111.872222"
"05/19/2014","490353006","1","15","ug/m3 SC","14","1","100.0000","81102","PM10 Total 0-10um STP","41620","Salt Lake City, UT","49","Utah","035","Salt Lake","40.736389","-111.872222"
"05/20/2014","490353006","1","22","ug/m3 SC","20","1","100.0000","81102","PM10 Total 0-10um STP","41620","Salt Lake City, UT","49","Utah","035","Salt Lake","40.736389","-111.872222"
"05/21/2014","490353006","1","19","ug/m3 SC","18","1","100.0000","81102","PM10 Total 0-10um STP","41620","Salt Lake City, UT","49","Utah","035","Salt Lake","40.736389","-111.872222"
"05/22/2014","490353006","1","19","ug/m3 SC","18","1","100.0000","81102","PM10 Total 0-10um STP","41620","Salt Lake City, UT","49","Utah","035","Salt Lake","40.736389","-111.872222"
"05/23/2014","490353006","1","17","ug/m3 SC","16","1","100.0000","81102","PM10 Total 0-10um STP","41620","Salt Lake City, UT","49","Utah","035","Salt Lake","40.736389","-111.872222"
"05/24/2014","490353006","1","9","ug/m3 SC","8","1","100.0000","81102","PM10 Total 0-10um STP","41620","Salt Lake City, UT","49","Utah","035","Salt Lake","40.736389","-111.872222"
"05/25/2014","490353006","1","11","ug/m3 SC","10","1","100.0000","81102","PM10 Total 0-10um STP","41620","Salt Lake City, UT","49","Utah","035","Salt Lake","40.736389","-111.872222"
"05/26/2014","490353006","1","12","ug/m3 SC","11","1","100.0000","81102","PM10 Total 0-10um STP","41620","Salt Lake City, UT","49","Utah","035","Salt Lake","40.736389","-111.872222"
"05/27/2014","490353006","1","14","ug/m3 SC","13","1","100.0000","81102","PM10 Total 0-10um STP","41620","Salt Lake City, UT","49","Utah","035","Salt Lake","40.736389","-111.872222"
"05/28/2014","490353006","1","27","ug/m3 SC","25","1","100.0000","81102","PM10 Total 0-10um STP","41620","Salt Lake City, UT","49","Utah","035","Salt Lake","40.736389","-111.872222"
"05/29/2014","490353006","1","33","ug/m3 SC","31","1","100.0000","81102","PM10 Total 0-10um STP","41620","Salt Lake City, UT","49","Utah","035","Salt Lake","40.736389","-111.872222"
"05/30/2014","490353006","1","19","ug/m3 SC","18","1","100.0000","81102","PM10 Total 0-10um STP","41620","Salt Lake City, UT","49","Utah","035","Salt Lake","40.736389","-111.872222"
"05/31/2014","490353006","1","13","ug/m3 SC","12","1","100.0000","81102","PM10 Total 0-10um STP","41620","Salt Lake City, UT","49","Utah","035","Salt Lake","40.736389","-111.872222"
"06/01/2014","490353006","1","12","ug/m3 SC","11","1","100.0000","81102","PM10 Total 0-10um STP","41620","Salt Lake City, UT","49","Utah","035","Salt Lake","40.736389","-111.872222"
"06/02/2014","490353006","1","20","ug/m3 SC","19","1","100.0000","81102","PM10 Total 0-10um STP","41620","Salt Lake City, UT","49","Utah","035","Salt Lake","40.736389","-111.872222"
"06/03/2014","490353006","1","18","ug/m3 SC","17","1","100.0000","81102","PM10 Total 0-10um STP","41620","Salt Lake City, UT","49","Utah","035","Salt Lake","40.736389","-111.872222"
"06/04/2014","490353006","1","20","ug/m3 SC","19","1","100.0000","81102","PM10 Total 0-10um STP","41620","Salt Lake City, UT","49","Utah","035","Salt Lake","40.736389","-111.872222"
"06/05/2014","490353006","1","14","ug/m3 SC","13","1","100.0000","81102","PM10 Total 0-10um STP","41620","Salt Lake City, UT","49","Utah","035","Salt Lake","40.736389","-111.872222"
"06/06/2014","490353006","1","13","ug/m3 SC","12","1","100.0000","81102","PM10 Total 0-10um STP","41620","Salt Lake City, UT","49","Utah","035","Salt Lake","40.736389","-111.872222"
"06/07/2014","490353006","1","17","ug/m3 SC","16","1","100.0000","81102","PM10 Total 0-10um STP","41620","Salt Lake City, UT","49","Utah","035","Salt Lake","40.736389","-111.872222"
"06/08/2014","490353006","1","11","ug/m3 SC","10","1","100.0000","81102","PM10 Total 0-10um STP","41620","Salt Lake City, UT","49","Utah","035","Salt Lake","40.736389","-111.872222"
"06/23/2014","490353006","1","17","ug/m3 SC","16","1","100.0000","81102","PM10 Total 0-10um STP","41620","Salt Lake City, UT","49","Utah","035","Salt Lake","40.736389","-111.872222"
"06/24/2014","490353006","1","21","ug/m3 SC","19","1","100.0000","81102","PM10 Total 0-10um STP","41620","Salt Lake City, UT","49","Utah","035","Salt Lake","40.736389","-111.872222"
"06/25/2014","490353006","1","25","ug/m3 SC","23","1","100.0000","81102","PM10 Total 0-10um STP","41620","Salt Lake City, UT","49","Utah","035","Salt Lake","40.736389","-111.872222"
"06/26/2014","490353006","1","33","ug/m3 SC","31","1","100.0000","81102","PM10 Total 0-10um STP","41620","Salt Lake City, UT","49","Utah","035","Salt Lake","40.736389","-111.872222"
"06/27/2014","490353006","1","6","ug/m3 SC","6","1","100.0000","81102","PM10 Total 0-10um STP","41620","Salt Lake City, UT","49","Utah","035","Salt Lake","40.736389","-111.872222"
"06/28/2014","490353006","1","7","ug/m3 SC","6","1","100.0000","81102","PM10 Total 0-10um STP","41620","Salt Lake City, UT","49","Utah","035","Salt Lake","40.736389","-111.872222"
"06/29/2014","490353006","1","9","ug/m3 SC","8","1","100.0000","81102","PM10 Total 0-10um STP","41620","Salt Lake City, UT","49","Utah","035","Salt Lake","40.736389","-111.872222"
"06/30/2014","490353006","1","10","ug/m3 SC","9","1","100.0000","81102","PM10 Total 0-10um STP","41620","Salt Lake City, UT","49","Utah","035","Salt Lake","40.736389","-111.872222"
"07/01/2014","490353006","1","11","ug/m3 SC","10","1","100.0000","81102","PM10 Total 0-10um STP","41620","Salt Lake City, UT","49","Utah","035","Salt Lake","40.736389","-111.872222"
"07/02/2014","490353006","1","14","ug/m3 SC","13","1","100.0000","81102","PM10 Total 0-10um STP","41620","Salt Lake City, UT","49","Utah","035","Salt Lake","40.736389","-111.872222"
"07/03/2014","490353006","1","24","ug/m3 SC","22","1","100.0000","81102","PM10 Total 0-10um STP","41620","Salt Lake City, UT","49","Utah","035","Salt Lake","40.736389","-111.872222"
"07/04/2014","490353006","1","21","ug/m3 SC","19","1","100.0000","81102","PM10 Total 0-10um STP","41620","Salt Lake City, UT","49","Utah","035","Salt Lake","40.736389","-111.872222"
"07/05/2014","490353006","1","19","ug/m3 SC","18","1","100.0000","81102","PM10 Total 0-10um STP","41620","Salt Lake City, UT","49","Utah","035","Salt Lake","40.736389","-111.872222"
"07/06/2014","490353006","1","20","ug/m3 SC","19","1","100.0000","81102","PM10 Total 0-10um STP","41620","Salt Lake City, UT","49","Utah","035","Salt Lake","40.736389","-111.872222"
"07/07/2014","490353006","1","22","ug/m3 SC","20","1","100.0000","81102","PM10 Total 0-10um STP","41620","Salt Lake City, UT","49","Utah","035","Salt Lake","40.736389","-111.872222"
"07/08/2014","490353006","1","17","ug/m3 SC","16","1","100.0000","81102","PM10 Total 0-10um STP","41620","Salt Lake City, UT","49","Utah","035","Salt Lake","40.736389","-111.872222"
"07/09/2014","490353006","1","19","ug/m3 SC","18","1","100.0000","81102","PM10 Total 0-10um STP","41620","Salt Lake City, UT","49","Utah","035","Salt Lake","40.736389","-111.872222"
"07/10/2014","490353006","1","15","ug/m3 SC","14","1","100.0000","81102","PM10 Total 0-10um STP","41620","Salt Lake City, UT","49","Utah","035","Salt Lake","40.736389","-111.872222"
"07/11/2014","490353006","1","11","ug/m3 SC","10","1","100.0000","81102","PM10 Total 0-10um STP","41620","Salt Lake City, UT","49","Utah","035","Salt Lake","40.736389","-111.872222"
"07/12/2014","490353006","1","12","ug/m3 SC","11","1","100.0000","81102","PM10 Total 0-10um STP","41620","Salt Lake City, UT","49","Utah","035","Salt Lake","40.736389","-111.872222"
"07/13/2014","490353006","1","12","ug/m3 SC","11","1","100.0000","81102","PM10 Total 0-10um STP","41620","Salt Lake City, UT","49","Utah","035","Salt Lake","40.736389","-111.872222"
"07/14/2014","490353006","1","21","ug/m3 SC","19","1","100.0000","81102","PM10 Total 0-10um STP","41620","Salt Lake City, UT","49","Utah","035","Salt Lake","40.736389","-111.872222"
"07/15/2014","490353006","1","31","ug/m3 SC","29","1","100.0000","81102","PM10 Total 0-10um STP","41620","Salt Lake City, UT","49","Utah","035","Salt Lake","40.736389","-111.872222"
"07/16/2014","490353006","1","20","ug/m3 SC","19","1","100.0000","81102","PM10 Total 0-10um STP","41620","Salt Lake City, UT","49","Utah","035","Salt Lake","40.736389","-111.872222"
"07/17/2014","490353006","1","17","ug/m3 SC","16","1","100.0000","81102","PM10 Total 0-10um STP","41620","Salt Lake City, UT","49","Utah","035","Salt Lake","40.736389","-111.872222"
"07/19/2014","490353006","1","27","ug/m3 SC","25","1","100.0000","81102","PM10 Total 0-10um STP","41620","Salt Lake City, UT","49","Utah","035","Salt Lake","40.736389","-111.872222"
"07/20/2014","490353006","1","24","ug/m3 SC","22","1","100.0000","81102","PM10 Total 0-10um STP","41620","Salt Lake City, UT","49","Utah","035","Salt Lake","40.736389","-111.872222"
"07/21/2014","490353006","1","12","ug/m3 SC","11","1","100.0000","81102","PM10 Total 0-10um STP","41620","Salt Lake City, UT","49","Utah","035","Salt Lake","40.736389","-111.872222"
"07/23/2014","490353006","1","17","ug/m3 SC","16","1","100.0000","81102","PM10 Total 0-10um STP","41620","Salt Lake City, UT","49","Utah","035","Salt Lake","40.736389","-111.872222"
"07/24/2014","490353006","1","32","ug/m3 SC","30","1","100.0000","81102","PM10 Total 0-10um STP","41620","Salt Lake City, UT","49","Utah","035","Salt Lake","40.736389","-111.872222"
"07/25/2014","490353006","1","30","ug/m3 SC","28","1","100.0000","81102","PM10 Total 0-10um STP","41620","Salt Lake City, UT","49","Utah","035","Salt Lake","40.736389","-111.872222"
"07/26/2014","490353006","1","19","ug/m3 SC","18","1","100.0000","81102","PM10 Total 0-10um STP","41620","Salt Lake City, UT","49","Utah","035","Salt Lake","40.736389","-111.872222"
"07/27/2014","490353006","1","16","ug/m3 SC","15","1","100.0000","81102","PM10 Total 0-10um STP","41620","Salt Lake City, UT","49","Utah","035","Salt Lake","40.736389","-111.872222"
"07/28/2014","490353006","1","16","ug/m3 SC","15","1","100.0000","81102","PM10 Total 0-10um STP","41620","Salt Lake City, UT","49","Utah","035","Salt Lake","40.736389","-111.872222"
"07/29/2014","490353006","1","12","ug/m3 SC","11","1","100.0000","81102","PM10 Total 0-10um STP","41620","Salt Lake City, UT","49","Utah","035","Salt Lake","40.736389","-111.872222"
"07/30/2014","490353006","1","7","ug/m3 SC","6","1","100.0000","81102","PM10 Total 0-10um STP","41620","Salt Lake City, UT","49","Utah","035","Salt Lake","40.736389","-111.872222"
"07/31/2014","490353006","1","8","ug/m3 SC","7","1","100.0000","81102","PM10 Total 0-10um STP","41620","Salt Lake City, UT","49","Utah","035","Salt Lake","40.736389","-111.872222"
"08/01/2014","490353006","1","13","ug/m3 SC","12","1","100.0000","81102","PM10 Total 0-10um STP","41620","Salt Lake City, UT","49","Utah","035","Salt Lake","40.736389","-111.872222"
"08/02/2014","490353006","1","13","ug/m3 SC","12","1","100.0000","81102","PM10 Total 0-10um STP","41620","Salt Lake City, UT","49","Utah","035","Salt Lake","40.736389","-111.872222"
"08/03/2014","490353006","1","16","ug/m3 SC","15","1","100.0000","81102","PM10 Total 0-10um STP","41620","Salt Lake City, UT","49","Utah","035","Salt Lake","40.736389","-111.872222"
"08/11/2014","490353006","1","17","ug/m3 SC","16","1","100.0000","81102","PM10 Total 0-10um STP","41620","Salt Lake City, UT","49","Utah","035","Salt Lake","40.736389","-111.872222"
"08/12/2014","490353006","1","32","ug/m3 SC","30","1","100.0000","81102","PM10 Total 0-10um STP","41620","Salt Lake City, UT","49","Utah","035","Salt Lake","40.736389","-111.872222"
"08/13/2014","490353006","1","12","ug/m3 SC","11","1","100.0000","81102","PM10 Total 0-10um STP","41620","Salt Lake City, UT","49","Utah","035","Salt Lake","40.736389","-111.872222"
"08/14/2014","490353006","1","11","ug/m3 SC","10","1","100.0000","81102","PM10 Total 0-10um STP","41620","Salt Lake City, UT","49","Utah","035","Salt Lake","40.736389","-111.872222"
"08/15/2014","490353006","1","11","ug/m3 SC","10","1","100.0000","81102","PM10 Total 0-10um STP","41620","Salt Lake City, UT","49","Utah","035","Salt Lake","40.736389","-111.872222"
"08/16/2014","490353006","1","12","ug/m3 SC","11","1","100.0000","81102","PM10 Total 0-10um STP","41620","Salt Lake City, UT","49","Utah","035","Salt Lake","40.736389","-111.872222"
"08/17/2014","490353006","1","12","ug/m3 SC","11","1","100.0000","81102","PM10 Total 0-10um STP","41620","Salt Lake City, UT","49","Utah","035","Salt Lake","40.736389","-111.872222"
"08/18/2014","490353006","1","26","ug/m3 SC","24","1","100.0000","81102","PM10 Total 0-10um STP","41620","Salt Lake City, UT","49","Utah","035","Salt Lake","40.736389","-111.872222"
"08/19/2014","490353006","1","10","ug/m3 SC","9","1","100.0000","81102","PM10 Total 0-10um STP","41620","Salt Lake City, UT","49","Utah","035","Salt Lake","40.736389","-111.872222"
"08/20/2014","490353006","1","8","ug/m3 SC","7","1","100.0000","81102","PM10 Total 0-10um STP","41620","Salt Lake City, UT","49","Utah","035","Salt Lake","40.736389","-111.872222"
"08/21/2014","490353006","1","12","ug/m3 SC","11","1","100.0000","81102","PM10 Total 0-10um STP","41620","Salt Lake City, UT","49","Utah","035","Salt Lake","40.736389","-111.872222"
"08/22/2014","490353006","1","10","ug/m3 SC","9","1","100.0000","81102","PM10 Total 0-10um STP","41620","Salt Lake City, UT","49","Utah","035","Salt Lake","40.736389","-111.872222"
"08/23/2014","490353006","1","8","ug/m3 SC","7","1","100.0000","81102","PM10 Total 0-10um STP","41620","Salt Lake City, UT","49","Utah","035","Salt Lake","40.736389","-111.872222"
"08/24/2014","490353006","1","11","ug/m3 SC","10","1","100.0000","81102","PM10 Total 0-10um STP","41620","Salt Lake City, UT","49","Utah","035","Salt Lake","40.736389","-111.872222"
"08/25/2014","490353006","1","12","ug/m3 SC","11","1","100.0000","81102","PM10 Total 0-10um STP","41620","Salt Lake City, UT","49","Utah","035","Salt Lake","40.736389","-111.872222"
"08/26/2014","490353006","1","10","ug/m3 SC","9","1","100.0000","81102","PM10 Total 0-10um STP","41620","Salt Lake City, UT","49","Utah","035","Salt Lake","40.736389","-111.872222"
"08/27/2014","490353006","1","9","ug/m3 SC","8","1","100.0000","81102","PM10 Total 0-10um STP","41620","Salt Lake City, UT","49","Utah","035","Salt Lake","40.736389","-111.872222"
"08/28/2014","490353006","1","12","ug/m3 SC","11","1","100.0000","81102","PM10 Total 0-10um STP","41620","Salt Lake City, UT","49","Utah","035","Salt Lake","40.736389","-111.872222"
"08/29/2014","490353006","1","13","ug/m3 SC","12","1","100.0000","81102","PM10 Total 0-10um STP","41620","Salt Lake City, UT","49","Utah","035","Salt Lake","40.736389","-111.872222"
"08/30/2014","490353006","1","14","ug/m3 SC","13","1","100.0000","81102","PM10 Total 0-10um STP","41620","Salt Lake City, UT","49","Utah","035","Salt Lake","40.736389","-111.872222"
"08/31/2014","490353006","1","27","ug/m3 SC","25","1","100.0000","81102","PM10 Total 0-10um STP","41620","Salt Lake City, UT","49","Utah","035","Salt Lake","40.736389","-111.872222"
"09/01/2014","490353006","1","10","ug/m3 SC","9","1","100.0000","81102","PM10 Total 0-10um STP","41620","Salt Lake City, UT","49","Utah","035","Salt Lake","40.736389","-111.872222"
"09/02/2014","490353006","1","21","ug/m3 SC","19","1","100.0000","81102","PM10 Total 0-10um STP","41620","Salt Lake City, UT","49","Utah","035","Salt Lake","40.736389","-111.872222"
"09/03/2014","490353006","1","38","ug/m3 SC","35","1","100.0000","81102","PM10 Total 0-10um STP","41620","Salt Lake City, UT","49","Utah","035","Salt Lake","40.736389","-111.872222"
"09/04/2014","490353006","1","44","ug/m3 SC","41","1","100.0000","81102","PM10 Total 0-10um STP","41620","Salt Lake City, UT","49","Utah","035","Salt Lake","40.736389","-111.872222"
"09/05/2014","490353006","1","24","ug/m3 SC","22","1","100.0000","81102","PM10 Total 0-10um STP","41620","Salt Lake City, UT","49","Utah","035","Salt Lake","40.736389","-111.872222"
"09/06/2014","490353006","1","14","ug/m3 SC","13","1","100.0000","81102","PM10 Total 0-10um STP","41620","Salt Lake City, UT","49","Utah","035","Salt Lake","40.736389","-111.872222"
"09/07/2014","490353006","1","9","ug/m3 SC","8","1","100.0000","81102","PM10 Total 0-10um STP","41620","Salt Lake City, UT","49","Utah","035","Salt Lake","40.736389","-111.872222"
"09/08/2014","490353006","1","10","ug/m3 SC","9","1","100.0000","81102","PM10 Total 0-10um STP","41620","Salt Lake City, UT","49","Utah","035","Salt Lake","40.736389","-111.872222"
"09/09/2014","490353006","1","8","ug/m3 SC","7","1","100.0000","81102","PM10 Total 0-10um STP","41620","Salt Lake City, UT","49","Utah","035","Salt Lake","40.736389","-111.872222"
"09/10/2014","490353006","1","11","ug/m3 SC","10","1","100.0000","81102","PM10 Total 0-10um STP","41620","Salt Lake City, UT","49","Utah","035","Salt Lake","40.736389","-111.872222"
"09/11/2014","490353006","1","15","ug/m3 SC","14","1","100.0000","81102","PM10 Total 0-10um STP","41620","Salt Lake City, UT","49","Utah","035","Salt Lake","40.736389","-111.872222"
"09/12/2014","490353006","1","15","ug/m3 SC","14","1","100.0000","81102","PM10 Total 0-10um STP","41620","Salt Lake City, UT","49","Utah","035","Salt Lake","40.736389","-111.872222"
"09/13/2014","490353006","1","20","ug/m3 SC","19","1","100.0000","81102","PM10 Total 0-10um STP","41620","Salt Lake City, UT","49","Utah","035","Salt Lake","40.736389","-111.872222"
"09/14/2014","490353006","1","15","ug/m3 SC","14","1","100.0000","81102","PM10 Total 0-10um STP","41620","Salt Lake City, UT","49","Utah","035","Salt Lake","40.736389","-111.872222"
"09/15/2014","490353006","1","20","ug/m3 SC","19","1","100.0000","81102","PM10 Total 0-10um STP","41620","Salt Lake City, UT","49","Utah","035","Salt Lake","40.736389","-111.872222"
"09/16/2014","490353006","1","17","ug/m3 SC","16","1","100.0000","81102","PM10 Total 0-10um STP","41620","Salt Lake City, UT","49","Utah","035","Salt Lake","40.736389","-111.872222"
"09/17/2014","490353006","1","16","ug/m3 SC","15","1","100.0000","81102","PM10 Total 0-10um STP","41620","Salt Lake City, UT","49","Utah","035","Salt Lake","40.736389","-111.872222"
"09/18/2014","490353006","1","87","ug/m3 SC","67","1","100.0000","81102","PM10 Total 0-10um STP","41620","Salt Lake City, UT","49","Utah","035","Salt Lake","40.736389","-111.872222"
"09/19/2014","490353006","1","48","ug/m3 SC","44","1","100.0000","81102","PM10 Total 0-10um STP","41620","Salt Lake City, UT","49","Utah","035","Salt Lake","40.736389","-111.872222"
"09/20/2014","490353006","1","26","ug/m3 SC","24","1","100.0000","81102","PM10 Total 0-10um STP","41620","Salt Lake City, UT","49","Utah","035","Salt Lake","40.736389","-111.872222"
"09/21/2014","490353006","1","11","ug/m3 SC","10","1","100.0000","81102","PM10 Total 0-10um STP","41620","Salt Lake City, UT","49","Utah","035","Salt Lake","40.736389","-111.872222"
"09/22/2014","490353006","1","10","ug/m3 SC","9","1","100.0000","81102","PM10 Total 0-10um STP","41620","Salt Lake City, UT","49","Utah","035","Salt Lake","40.736389","-111.872222"
"09/23/2014","490353006","1","20","ug/m3 SC","19","1","100.0000","81102","PM10 Total 0-10um STP","41620","Salt Lake City, UT","49","Utah","035","Salt Lake","40.736389","-111.872222"
"09/24/2014","490353006","1","14","ug/m3 SC","13","1","100.0000","81102","PM10 Total 0-10um STP","41620","Salt Lake City, UT","49","Utah","035","Salt Lake","40.736389","-111.872222"
"09/25/2014","490353006","1","15","ug/m3 SC","14","1","100.0000","81102","PM10 Total 0-10um STP","41620","Salt Lake City, UT","49","Utah","035","Salt Lake","40.736389","-111.872222"
"09/26/2014","490353006","1","17","ug/m3 SC","16","1","100.0000","81102","PM10 Total 0-10um STP","41620","Salt Lake City, UT","49","Utah","035","Salt Lake","40.736389","-111.872222"
"09/27/2014","490353006","1","5","ug/m3 SC","5","1","100.0000","81102","PM10 Total 0-10um STP","41620","Salt Lake City, UT","49","Utah","035","Salt Lake","40.736389","-111.872222"
"09/28/2014","490353006","1","4","ug/m3 SC","4","1","100.0000","81102","PM10 Total 0-10um STP","41620","Salt Lake City, UT","49","Utah","035","Salt Lake","40.736389","-111.872222"
"09/29/2014","490353006","1","6","ug/m3 SC","6","1","100.0000","81102","PM10 Total 0-10um STP","41620","Salt Lake City, UT","49","Utah","035","Salt Lake","40.736389","-111.872222"
"09/30/2014","490353006","1","7","ug/m3 SC","6","1","100.0000","81102","PM10 Total 0-10um STP","41620","Salt Lake City, UT","49","Utah","035","Salt Lake","40.736389","-111.872222"
"10/01/2014","490353006","1","5","ug/m3 SC","5","1","100.0000","81102","PM10 Total 0-10um STP","41620","Salt Lake City, UT","49","Utah","035","Salt Lake","40.736389","-111.872222"
"10/02/2014","490353006","1","8","ug/m3 SC","7","1","100.0000","81102","PM10 Total 0-10um STP","41620","Salt Lake City, UT","49","Utah","035","Salt Lake","40.736389","-111.872222"
"10/03/2014","490353006","1","11","ug/m3 SC","10","1","100.0000","81102","PM10 Total 0-10um STP","41620","Salt Lake City, UT","49","Utah","035","Salt Lake","40.736389","-111.872222"
"10/04/2014","490353006","1","10","ug/m3 SC","9","1","100.0000","81102","PM10 Total 0-10um STP","41620","Salt Lake City, UT","49","Utah","035","Salt Lake","40.736389","-111.872222"
"10/05/2014","490353006","1","8","ug/m3 SC","7","1","100.0000","81102","PM10 Total 0-10um STP","41620","Salt Lake City, UT","49","Utah","035","Salt Lake","40.736389","-111.872222"
"10/06/2014","490353006","1","18","ug/m3 SC","17","1","100.0000","81102","PM10 Total 0-10um STP","41620","Salt Lake City, UT","49","Utah","035","Salt Lake","40.736389","-111.872222"
"10/07/2014","490353006","1","12","ug/m3 SC","11","1","100.0000","81102","PM10 Total 0-10um STP","41620","Salt Lake City, UT","49","Utah","035","Salt Lake","40.736389","-111.872222"
"10/08/2014","490353006","1","16","ug/m3 SC","15","1","100.0000","81102","PM10 Total 0-10um STP","41620","Salt Lake City, UT","49","Utah","035","Salt Lake","40.736389","-111.872222"
"10/09/2014","490353006","1","19","ug/m3 SC","18","1","100.0000","81102","PM10 Total 0-10um STP","41620","Salt Lake City, UT","49","Utah","035","Salt Lake","40.736389","-111.872222"
"10/10/2014","490353006","1","19","ug/m3 SC","18","1","100.0000","81102","PM10 Total 0-10um STP","41620","Salt Lake City, UT","49","Utah","035","Salt Lake","40.736389","-111.872222"
"10/11/2014","490353006","1","16","ug/m3 SC","15","1","100.0000","81102","PM10 Total 0-10um STP","41620","Salt Lake City, UT","49","Utah","035","Salt Lake","40.736389","-111.872222"
"10/12/2014","490353006","1","19","ug/m3 SC","18","1","100.0000","81102","PM10 Total 0-10um STP","41620","Salt Lake City, UT","49","Utah","035","Salt Lake","40.736389","-111.872222"
"10/13/2014","490353006","1","10","ug/m3 SC","9","1","100.0000","81102","PM10 Total 0-10um STP","41620","Salt Lake City, UT","49","Utah","035","Salt Lake","40.736389","-111.872222"
"10/14/2014","490353006","1","13","ug/m3 SC","12","1","100.0000","81102","PM10 Total 0-10um STP","41620","Salt Lake City, UT","49","Utah","035","Salt Lake","40.736389","-111.872222"
"10/15/2014","490353006","1","41","ug/m3 SC","38","1","100.0000","81102","PM10 Total 0-10um STP","41620","Salt Lake City, UT","49","Utah","035","Salt Lake","40.736389","-111.872222"
"10/16/2014","490353006","1","26","ug/m3 SC","24","1","100.0000","81102","PM10 Total 0-10um STP","41620","Salt Lake City, UT","49","Utah","035","Salt Lake","40.736389","-111.872222"
"10/17/2014","490353006","1","33","ug/m3 SC","31","1","100.0000","81102","PM10 Total 0-10um STP","41620","Salt Lake City, UT","49","Utah","035","Salt Lake","40.736389","-111.872222"
"10/18/2014","490353006","1","20","ug/m3 SC","19","1","100.0000","81102","PM10 Total 0-10um STP","41620","Salt Lake City, UT","49","Utah","035","Salt Lake","40.736389","-111.872222"
"10/19/2014","490353006","1","17","ug/m3 SC","16","1","100.0000","81102","PM10 Total 0-10um STP","41620","Salt Lake City, UT","49","Utah","035","Salt Lake","40.736389","-111.872222"
"10/20/2014","490353006","1","17","ug/m3 SC","16","1","100.0000","81102","PM10 Total 0-10um STP","41620","Salt Lake City, UT","49","Utah","035","Salt Lake","40.736389","-111.872222"
"10/21/2014","490353006","1","24","ug/m3 SC","22","1","100.0000","81102","PM10 Total 0-10um STP","41620","Salt Lake City, UT","49","Utah","035","Salt Lake","40.736389","-111.872222"
"10/22/2014","490353006","1","16","ug/m3 SC","15","1","100.0000","81102","PM10 Total 0-10um STP","41620","Salt Lake City, UT","49","Utah","035","Salt Lake","40.736389","-111.872222"
"10/23/2014","490353006","1","25","ug/m3 SC","23","1","100.0000","81102","PM10 Total 0-10um STP","41620","Salt Lake City, UT","49","Utah","035","Salt Lake","40.736389","-111.872222"
"10/24/2014","490353006","1","25","ug/m3 SC","23","1","100.0000","81102","PM10 Total 0-10um STP","41620","Salt Lake City, UT","49","Utah","035","Salt Lake","40.736389","-111.872222"
"10/25/2014","490353006","1","19","ug/m3 SC","18","1","100.0000","81102","PM10 Total 0-10um STP","41620","Salt Lake City, UT","49","Utah","035","Salt Lake","40.736389","-111.872222"
"10/26/2014","490353006","1","22","ug/m3 SC","20","1","100.0000","81102","PM10 Total 0-10um STP","41620","Salt Lake City, UT","49","Utah","035","Salt Lake","40.736389","-111.872222"
"10/27/2014","490353006","1","6","ug/m3 SC","6","1","100.0000","81102","PM10 Total 0-10um STP","41620","Salt Lake City, UT","49","Utah","035","Salt Lake","40.736389","-111.872222"
"10/28/2014","490353006","1","12","ug/m3 SC","11","1","100.0000","81102","PM10 Total 0-10um STP","41620","Salt Lake City, UT","49","Utah","035","Salt Lake","40.736389","-111.872222"
"10/29/2014","490353006","1","21","ug/m3 SC","19","1","100.0000","81102","PM10 Total 0-10um STP","41620","Salt Lake City, UT","49","Utah","035","Salt Lake","40.736389","-111.872222"
"10/30/2014","490353006","1","28","ug/m3 SC","26","1","100.0000","81102","PM10 Total 0-10um STP","41620","Salt Lake City, UT","49","Utah","035","Salt Lake","40.736389","-111.872222"
"10/31/2014","490353006","1","18","ug/m3 SC","17","1","100.0000","81102","PM10 Total 0-10um STP","41620","Salt Lake City, UT","49","Utah","035","Salt Lake","40.736389","-111.872222"
"11/01/2014","490353006","1","28","ug/m3 SC","26","1","100.0000","81102","PM10 Total 0-10um STP","41620","Salt Lake City, UT","49","Utah","035","Salt Lake","40.736389","-111.872222"
"11/02/2014","490353006","1","2","ug/m3 SC","2","1","100.0000","81102","PM10 Total 0-10um STP","41620","Salt Lake City, UT","49","Utah","035","Salt Lake","40.736389","-111.872222"
"11/03/2014","490353006","1","5","ug/m3 SC","5","1","100.0000","81102","PM10 Total 0-10um STP","41620","Salt Lake City, UT","49","Utah","035","Salt Lake","40.736389","-111.872222"
"11/04/2014","490353006","1","14","ug/m3 SC","13","1","100.0000","81102","PM10 Total 0-10um STP","41620","Salt Lake City, UT","49","Utah","035","Salt Lake","40.736389","-111.872222"
"11/05/2014","490353006","1","17","ug/m3 SC","16","1","100.0000","81102","PM10 Total 0-10um STP","41620","Salt Lake City, UT","49","Utah","035","Salt Lake","40.736389","-111.872222"
"11/06/2014","490353006","1","28","ug/m3 SC","26","1","100.0000","81102","PM10 Total 0-10um STP","41620","Salt Lake City, UT","49","Utah","035","Salt Lake","40.736389","-111.872222"
"11/07/2014","490353006","1","27","ug/m3 SC","25","1","100.0000","81102","PM10 Total 0-10um STP","41620","Salt Lake City, UT","49","Utah","035","Salt Lake","40.736389","-111.872222"
"11/08/2014","490353006","1","18","ug/m3 SC","17","1","100.0000","81102","PM10 Total 0-10um STP","41620","Salt Lake City, UT","49","Utah","035","Salt Lake","40.736389","-111.872222"
"11/09/2014","490353006","1","15","ug/m3 SC","14","1","100.0000","81102","PM10 Total 0-10um STP","41620","Salt Lake City, UT","49","Utah","035","Salt Lake","40.736389","-111.872222"
"11/10/2014","490353006","1","13","ug/m3 SC","12","1","100.0000","81102","PM10 Total 0-10um STP","41620","Salt Lake City, UT","49","Utah","035","Salt Lake","40.736389","-111.872222"
"11/11/2014","490353006","1","10","ug/m3 SC","9","1","100.0000","81102","PM10 Total 0-10um STP","41620","Salt Lake City, UT","49","Utah","035","Salt Lake","40.736389","-111.872222"
"11/12/2014","490353006","1","12","ug/m3 SC","11","1","100.0000","81102","PM10 Total 0-10um STP","41620","Salt Lake City, UT","49","Utah","035","Salt Lake","40.736389","-111.872222"
"11/13/2014","490353006","1","26","ug/m3 SC","24","1","100.0000","81102","PM10 Total 0-10um STP","41620","Salt Lake City, UT","49","Utah","035","Salt Lake","40.736389","-111.872222"
"11/14/2014","490353006","1","23","ug/m3 SC","21","1","100.0000","81102","PM10 Total 0-10um STP","41620","Salt Lake City, UT","49","Utah","035","Salt Lake","40.736389","-111.872222"
"11/15/2014","490353006","1","6","ug/m3 SC","6","1","100.0000","81102","PM10 Total 0-10um STP","41620","Salt Lake City, UT","49","Utah","035","Salt Lake","40.736389","-111.872222"
"11/16/2014","490353006","1","10","ug/m3 SC","9","1","100.0000","81102","PM10 Total 0-10um STP","41620","Salt Lake City, UT","49","Utah","035","Salt Lake","40.736389","-111.872222"
"11/17/2014","490353006","1","20","ug/m3 SC","19","1","100.0000","81102","PM10 Total 0-10um STP","41620","Salt Lake City, UT","49","Utah","035","Salt Lake","40.736389","-111.872222"
"11/25/2014","490353006","1","18","ug/m3 SC","17","1","100.0000","81102","PM10 Total 0-10um STP","41620","Salt Lake City, UT","49","Utah","035","Salt Lake","40.736389","-111.872222"
"11/26/2014","490353006","1","20","ug/m3 SC","19","1","100.0000","81102","PM10 Total 0-10um STP","41620","Salt Lake City, UT","49","Utah","035","Salt Lake","40.736389","-111.872222"
"11/27/2014","490353006","1","15","ug/m3 SC","14","1","100.0000","81102","PM10 Total 0-10um STP","41620","Salt Lake City, UT","49","Utah","035","Salt Lake","40.736389","-111.872222"
"11/28/2014","490353006","1","12","ug/m3 SC","11","1","100.0000","81102","PM10 Total 0-10um STP","41620","Salt Lake City, UT","49","Utah","035","Salt Lake","40.736389","-111.872222"
"11/29/2014","490353006","1","17","ug/m3 SC","16","1","100.0000","81102","PM10 Total 0-10um STP","41620","Salt Lake City, UT","49","Utah","035","Salt Lake","40.736389","-111.872222"
"11/30/2014","490353006","1","8","ug/m3 SC","7","1","100.0000","81102","PM10 Total 0-10um STP","41620","Salt Lake City, UT","49","Utah","035","Salt Lake","40.736389","-111.872222"
"12/01/2014","490353006","1","31","ug/m3 SC","29","1","100.0000","81102","PM10 Total 0-10um STP","41620","Salt Lake City, UT","49","Utah","035","Salt Lake","40.736389","-111.872222"
"12/02/2014","490353006","1","40","ug/m3 SC","37","1","100.0000","81102","PM10 Total 0-10um STP","41620","Salt Lake City, UT","49","Utah","035","Salt Lake","40.736389","-111.872222"
"12/03/2014","490353006","1","18","ug/m3 SC","17","1","100.0000","81102","PM10 Total 0-10um STP","41620","Salt Lake City, UT","49","Utah","035","Salt Lake","40.736389","-111.872222"
"12/04/2014","490353006","1","14","ug/m3 SC","13","1","100.0000","81102","PM10 Total 0-10um STP","41620","Salt Lake City, UT","49","Utah","035","Salt Lake","40.736389","-111.872222"
"12/05/2014","490353006","1","23","ug/m3 SC","21","1","100.0000","81102","PM10 Total 0-10um STP","41620","Salt Lake City, UT","49","Utah","035","Salt Lake","40.736389","-111.872222"
"12/06/2014","490353006","1","14","ug/m3 SC","13","1","100.0000","81102","PM10 Total 0-10um STP","41620","Salt Lake City, UT","49","Utah","035","Salt Lake","40.736389","-111.872222"
"12/07/2014","490353006","1","13","ug/m3 SC","12","1","100.0000","81102","PM10 Total 0-10um STP","41620","Salt Lake City, UT","49","Utah","035","Salt Lake","40.736389","-111.872222"
"12/08/2014","490353006","1","24","ug/m3 SC","22","1","100.0000","81102","PM10 Total 0-10um STP","41620","Salt Lake City, UT","49","Utah","035","Salt Lake","40.736389","-111.872222"
"12/09/2014","490353006","1","33","ug/m3 SC","31","1","100.0000","81102","PM10 Total 0-10um STP","41620","Salt Lake City, UT","49","Utah","035","Salt Lake","40.736389","-111.872222"
"12/10/2014","490353006","1","34","ug/m3 SC","31","1","100.0000","81102","PM10 Total 0-10um STP","41620","Salt Lake City, UT","49","Utah","035","Salt Lake","40.736389","-111.872222"
"12/11/2014","490353006","1","21","ug/m3 SC","19","1","100.0000","81102","PM10 Total 0-10um STP","41620","Salt Lake City, UT","49","Utah","035","Salt Lake","40.736389","-111.872222"
"12/12/2014","490353006","1","16","ug/m3 SC","15","1","100.0000","81102","PM10 Total 0-10um STP","41620","Salt Lake City, UT","49","Utah","035","Salt Lake","40.736389","-111.872222"
"12/13/2014","490353006","1","3","ug/m3 SC","3","1","100.0000","81102","PM10 Total 0-10um STP","41620","Salt Lake City, UT","49","Utah","035","Salt Lake","40.736389","-111.872222"
"12/14/2014","490353006","1","6","ug/m3 SC","6","1","100.0000","81102","PM10 Total 0-10um STP","41620","Salt Lake City, UT","49","Utah","035","Salt Lake","40.736389","-111.872222"
"12/15/2014","490353006","1","17","ug/m3 SC","16","1","100.0000","81102","PM10 Total 0-10um STP","41620","Salt Lake City, UT","49","Utah","035","Salt Lake","40.736389","-111.872222"
"12/16/2014","490353006","1","23","ug/m3 SC","21","1","100.0000","81102","PM10 Total 0-10um STP","41620","Salt Lake City, UT","49","Utah","035","Salt Lake","40.736389","-111.872222"
